,NOMBDIST,NOMBPROV,NOMBDEP,POBLACION,Distancia al Epicentro (km),Riesgo
14,YANAQUIHUA,CONDESUYOS,AREQUIPA,4415.0,177.7601167557623,80.92577137071798
15,MACHAGUAY,CASTILLA,AREQUIPA,564.0,134.13721409413264,80.1164660299814
16,ORCOPAMPA,CASTILLA,AREQUIPA,8906.0,162.09656514993262,80.66751015993648
17,PAMPACOLCA,CASTILLA,AREQUIPA,2269.0,141.6730152841436,80.28816294481784
18,URACA,CASTILLA,AREQUIPA,7199.0,106.838151866447,81.72641986403691
19,LLUTA,CAYLLOMA,AREQUIPA,830.0,70.93403936451057,81.93991020963638
20,MACA,CAYLLOMA,AREQUIPA,776.0,79.98452399753478,81.81232705777198
21,MADRIGAL,CAYLLOMA,AREQUIPA,706.0,101.94607220383544,81.64497863820935
22,PUNTA DE BOMBON,ISLAY,AREQUIPA,6986.0,83.121774486003,83.35040955273253
23,QUECHUALLA,LA UNION,AREQUIPA,291.0,205.67159961898832,80.57780178260735
24,TORO,LA UNION,AREQUIPA,578.0,193.4464740666475,81.17201057793763
25,VITOR,AREQUIPA,AREQUIPA,4344.0,48.90713621607086,83.41061573284952
26,CAMANA,CAMANA,AREQUIPA,14163.0,127.8600214695049,79.93729347194575
27,NICOLAS DE PIEROLA,CAMANA,AREQUIPA,7818.0,117.37398620234602,80.92653214290566
28,CAYMA,AREQUIPA,AREQUIPA,102189.0,19.323985774391605,81.36127237233674
29,POCSI,AREQUIPA,AREQUIPA,500.0,24.070367332559606,81.1368154532766
30,BELLA UNION,CARAVELI,AREQUIPA,3396.0,363.7197528260453,83.53670374357044
31,AREQUIPA,AREQUIPA,AREQUIPA,60711.0,0.2854657000284715,76.09716858012571
32,JOSE LUIS BUSTAMANTE Y RIVERO,AREQUIPA,AREQUIPA,87469.0,2.897961864371271,79.78022501707002
33,MIRAFLORES,AREQUIPA,AREQUIPA,64560.0,9.155706991431678,80.5439862466645
34,SACHACA,AREQUIPA,AREQUIPA,26226.0,4.355380462177885,80.0334717780959
35,MARIANO MELGAR,AREQUIPA,AREQUIPA,65557.0,8.794124653679157,80.51141914604818
36,ANCHIHUAY,LA MAR,AYACUCHO,4740.0,448.1129480025447,84.22278900612444
37,PUCACOLPA,HUANTA,AYACUCHO,2797.0,544.8791275472433,82.36120663127583
38,ANDAYMARCA,TAYACAJA,HUANCAVELICA,2554.0,564.1433108199757,81.95336859869273
39,CURAHUASI,ABANCAY,APURIMAC,17323.0,327.80568429278503,83.07427589780619
40,OCOBAMBA,CHINCHEROS,APURIMAC,7200.0,385.5186645761742,83.63321375126294
41,PACOBAMBA,ANDAHUAYLAS,APURIMAC,3573.0,361.0845562858149,83.50344037369794
51,LA YARADA LOS PALOS,TACNA,TACNA,6891.0,230.04798663491874,81.72001526236038
52,EL PORVENIR,CHINCHEROS,APURIMAC,1812.0,397.66341893862284,83.95524662405407
53,ROCCHACC,CHINCHEROS,APURIMAC,2849.0,396.0458867844457,83.93573079390814
57,IÑAPARI,TAHUAMANU,MADRE DE DIOS,3016.0,609.8903146476887,81.08932909943316
58,LOS CHANKAS,CHINCHEROS,APURIMAC,1052.0,412.7718700097356,82.45184007881053
59,SAN MIGUEL,SAN ROMAN,PUNO,66909.0,187.46760320175366,81.07923717858458
60,MOLLENDO,ISLAY,AREQUIPA,27794.0,61.56080494355663,84.18558313200657
61,COCACHACRA,ISLAY,AREQUIPA,9186.0,57.90251121649488,81.04777303888632
62,CHARACATO,AREQUIPA,AREQUIPA,14336.0,17.367590212537184,81.21248055093335
63,SANTA ROSA,EL COLLAO,PUNO,3699.0,185.59881514928588,81.04998684087653
64,HUACULLANI,CHUCUITO,PUNO,9648.0,229.33284430161527,80.53014212898674
65,CONDURIRI,EL COLLAO,PUNO,2701.0,203.91619872382626,81.33190676665504
66,ZEPITA,CHUCUITO,PUNO,17873.0,252.1490719452195,82.03862279958531
67,CHUCUITO,PUNO,PUNO,7337.0,186.4560393362687,81.06342003813256
68,CALAPUJA,LAMPA,PUNO,1703.0,184.87547049477863,81.03863013481441
69,ACHAYA,AZANGARO,PUNO,2993.0,194.76274924160523,81.19228221098915
70,CAMINACA,AZANGARO,PUNO,3120.0,197.17167780140736,81.22924942268268
71,SANTA ROSA,MELGAR,PUNO,6461.0,217.42639758794922,81.53428717646975
72,MAÑAZO,PUNO,PUNO,5358.0,134.14289403991316,80.11660885443972
73,SANTA LUCIA,LAMPA,PUNO,7567.0,120.33289875296222,80.68311778470813
74,HUATA,PUNO,PUNO,3315.0,186.40145839805933,81.06256553440228
75,PARATIA,LAMPA,PUNO,2926.0,137.12288741069202,80.18830580846
76,PUSI,HUANCANE,PUNO,5294.0,197.33688358540581,81.23177857618765
77,VILQUE CHICO,HUANCANE,PUNO,7648.0,249.91613820615828,82.00678707582088
78,CHUPA,AZANGARO,PUNO,6786.0,222.81781489620798,81.61398738090655
79,SANTIAGO DE PUPUJA,AZANGARO,PUNO,4703.0,201.35394822769797,81.293047043652
80,PUCARA,LAMPA,PUNO,5551.0,187.65402872377757,81.08214817310709
81,SAN JUAN DE SALINAS,AZANGARO,PUNO,3074.0,217.17589372027987,81.53057016049051
82,UMACHIRI,MELGAR,PUNO,3922.0,189.2815663222615,81.10751009667229
83,CUPI,MELGAR,PUNO,2134.0,181.6762416091808,80.9881541742636
84,POTONI,AZANGARO,PUNO,4145.0,269.5908773618603,82.2847146318748
85,ANTAUTA,MELGAR,PUNO,5663.0,258.8530820031053,82.13374806823214
86,CRUCERO,CARABAYA,PUNO,9912.0,287.08698863695827,80.65655818100204
87,USICAYOS,CARABAYA,PUNO,9370.0,304.12802690726346,80.7706054939851
88,TAPAY,CAYLLOMA,AREQUIPA,815.0,116.76826235689248,80.97483065139397
188,PACUCHA,ANDAHUAYLAS,APURIMAC,8585.0,364.7410298551807,81.88943371172464
189,COLQUEMARCA,CHUMBIVILCAS,CUSCO,7570.0,245.66448061730688,81.94595588831268
190,LLUSCO,CHUMBIVILCAS,CUSCO,4781.0,228.0990633017358,81.69152789119163
191,QUIÑOTA,CHUMBIVILCAS,CUSCO,4185.0,235.97708485616099,81.80627530719671
192,KUNTURKANKI,CANAS,CUSCO,5345.0,207.1432447732314,81.38061991823562
193,LANGUI,CANAS,CUSCO,2223.0,225.4062779040374,81.65205563743672
194,TUPAC AMARU,CANAS,CUSCO,2737.0,249.85766186691816,82.00595232550691
195,ACOPIA,ACOMAYO,CUSCO,2987.0,261.3764100112793,82.16937748780933
196,MOSOC LLACTA,ACOMAYO,CUSCO,1214.0,255.5082188933223,82.08637171528989
197,SANTO TOMAS,CHUMBIVILCAS,CUSCO,23837.0,207.45590201961033,81.38532647902191
198,SARA SARA,PAUCAR DEL SARA SARA,AYACUCHO,493.0,241.98385325891527,81.11902397441777
199,SAN JOSE DE USHUA,PAUCAR DEL SARA SARA,AYACUCHO,225.0,220.87098027579827,80.37786645480665
200,PARARCA,PAUCAR DEL SARA SARA,AYACUCHO,410.0,244.57182029844301,80.90429108480681
201,SAN JAVIER DE ALPABAMBA,PAUCAR DEL SARA SARA,AYACUCHO,285.0,241.10592919447123,80.56040559532897
202,MARCABAMBA,PAUCAR DEL SARA SARA,AYACUCHO,614.0,245.3588075783621,81.42128217818947
203,SAN SALVADOR DE QUIJE,SUCRE,AYACUCHO,1043.0,356.26126338121503,82.43146269091473
207,AZANGARO,YAUYOS,LIMA,477.0,595.5709812741885,81.07819090087693
208,CARANIA,YAUYOS,LIMA,181.0,648.4764416089849,80.22843272318289
209,HUAMPARA,YAUYOS,LIMA,170.0,673.0501481981662,80.18767920895442
210,HUANCAYA,YAUYOS,LIMA,641.0,665.7778473087554,81.4874120216871
211,HUANTAN,YAUYOS,LIMA,1007.0,622.5137199880448,81.21941629528246
212,LARAOS,YAUYOS,LIMA,673.0,630.4014927990071,81.2996472202228
213,MIRAFLORES,YAUYOS,LIMA,265.0,658.4887464344582,80.50145195969797
214,OMAS,YAUYOS,LIMA,729.0,668.9471499583519,81.68254502369024
216,SAN PEDRO DE PILAS,YAUYOS,LIMA,335.0,662.4434514700831,80.70208140105133
217,VITIS,YAUYOS,LIMA,373.0,661.1837398574534,80.80575740227067
219,SAN SEBASTIAN,CUSCO,CUSCO,124705.0,320.9355733131517,80.03103798587885
223,SUNAMPE,CHINCHA,ICA,33092.0,597.044035240946,81.22402282147944
224,PUEBLO NUEVO,CHINCHA,ICA,73095.0,601.1916075527167,81.12812980988267
249,CHUPACA,CHUPACA,JUNIN,22101.0,627.6520420014216,81.27176529409458
250,HUACHAC,CHUPACA,JUNIN,3257.0,634.5978888119149,81.3420376219137
251,QUICHUAY,HUANCAYO,JUNIN,1981.0,644.5130495928183,81.44145659186151
252,PARCO,JAUJA,JUNIN,1219.0,666.6732519142704,81.66032306487253
253,CANCHAYLLO,JAUJA,JUNIN,1757.0,677.3966035562794,81.76476117462762
255,MASMA CHICCHE,JAUJA,JUNIN,769.0,658.4723418645094,81.57982605547569
265,SATIPO,SATIPO,JUNIN,42549.0,667.2110189900473,81.6655822196749
266,RIO NEGRO,SATIPO,JUNIN,33656.0,678.8341038013292,81.77869381548108
270,QUILMANA,CAÑETE,LIMA,17138.0,649.2473519686154,81.48858460277465
280,CANARIA,VICTOR FAJARDO,AYACUCHO,4075.0,378.20923240196817,83.71764758653002
281,PACAPAUSA,PARINACOCHAS,AYACUCHO,638.0,253.56326684805407,81.4800849186009
282,SAISA,LUCANAS,AYACUCHO,848.0,344.01667745209704,81.98215961112237
283,SAN CRISTOBAL,LUCANAS,AYACUCHO,1880.0,341.9301688188543,83.25845626331734
284,SAN JUAN,LUCANAS,AYACUCHO,1028.0,344.18707468278114,82.39743103145517
285,OTOCA,LUCANAS,AYACUCHO,2083.0,396.6055737965096,83.94248851267096
286,LLAUTA,LUCANAS,AYACUCHO,906.0,436.5877612556582,82.11738295469021
287,SAN PEDRO DE LARCAY,SUCRE,AYACUCHO,821.0,322.27870053512504,81.91873404510939
288,HUACAÑA,SUCRE,AYACUCHO,363.0,348.4830279003864,80.77874470464572
289,MORCOLLA,SUCRE,AYACUCHO,1272.0,350.827703475701,82.9402907065848
290,QUEROBAMBA,SUCRE,AYACUCHO,2620.0,361.5313221833981,83.50908738165036
291,PAICO,SUCRE,AYACUCHO,539.0,350.19771953047416,81.23519161214273
292,CHILCAYOC,SUCRE,AYACUCHO,488.0,364.30262122745137,81.10628900431756
293,INDEPENDENCIA,VILCAS HUAMAN,AYACUCHO,1172.0,375.22964876294424,82.72057006756775
294,CAYARA,VICTOR FAJARDO,AYACUCHO,1117.0,391.43372283320707,82.59808682139933
295,SARHUA,VICTOR FAJARDO,AYACUCHO,2701.0,431.1228277874376,84.34125551292667
296,PILLPINTO,PARURO,CUSCO,1052.0,270.4962553150163,82.29736640070499
297,YAURISQUE,PARURO,CUSCO,2099.0,307.8387895646821,82.80894007039379
298,ACCHA,PARURO,CUSCO,3308.0,270.10540967827893,82.2919061785983
299,YANAOCA,CANAS,CUSCO,9558.0,236.4939254082078,80.48545168470427
300,CUSIPATA,QUISPICANCHI,CUSCO,4821.0,279.38351050275764,82.42092739170998
301,SAN PABLO,CANCHIS,CUSCO,4632.0,254.40189950131582,82.07066477610755
302,TINTA,CANCHIS,CUSCO,5607.0,249.487480377576,82.00066675360942
303,OCORURO,ESPINAR,CUSCO,1121.0,152.3017589086714,80.49486431622537
304,SAN ISIDRO,HUAYTARA,HUANCAVELICA,1036.0,480.0044329308302,82.41559204624728
305,OCOYO,HUAYTARA,HUANCAVELICA,844.0,459.1924301770871,81.97278263949914
306,QUERCO,HUAYTARA,HUANCAVELICA,999.0,455.3837593637736,82.3313899097185
307,AYAVI,HUAYTARA,HUANCAVELICA,745.0,508.4254610694183,81.73849869801644
308,RIO GRANDE,PALPA,ICA,3103.0,449.803137088755,84.19317251964347
309,PISCO,PISCO,ICA,78189.0,583.1922637940246,81.5369823599053
310,SANTA CRUZ,PALPA,ICA,1118.0,453.19455753036556,82.60032412660621
311,PACHACUTEC,ICA,ICA,8254.0,507.0930311088406,82.32845442941905
312,ACOCRO,HUAMANGA,AYACUCHO,8413.0,435.2369309651267,82.11937105131223
313,TAMBILLO,HUAMANGA,AYACUCHO,5723.0,453.2573847191394,84.1322902157906
314,SANTIAGO DE PISCHA,HUAMANGA,AYACUCHO,1478.0,478.25078681763404,83.38057975235628
315,HUAROCONDO,ANTA,CUSCO,4968.0,345.5795490004461,83.30556096472947
316,ANTA,ANTA,CUSCO,24203.0,330.0823830788349,83.10416256215038
317,LAMAY,CALCA,CUSCO,6003.0,343.5632578488318,83.27956021474243
318,MARAS,URUBAMBA,CUSCO,6818.0,346.4975242635678,83.31737829619759
319,SAN JERONIMO,CUSCO,CUSCO,63604.0,317.5212551351404,82.93832819145125
320,CHALLABAMBA,PAUCARTAMBO,CUSCO,9836.0,362.6488783627666,80.62077994339606
321,PICHARI,LA CONVENCION,CUSCO,26618.0,509.8601044048415,83.07165529876326
322,SANTA ANA,LA CONVENCION,CUSCO,31667.0,411.84395096422975,84.1244248523496
323,MEGANTONI,LA CONVENCION,CUSCO,8086.0,534.7370785617269,82.54588130748422
324,HUAYOPATA,LA CONVENCION,CUSCO,5670.0,384.9799056008591,83.80104610290397
325,OCOBAMBA,LA CONVENCION,CUSCO,5071.0,396.5277490169893,83.94154916398242
326,VILCABAMBA,LA CONVENCION,CUSCO,11227.0,405.470416913526,81.23226610380388
327,MACHUPICCHU,URUBAMBA,CUSCO,5915.0,369.7251078804644,83.6121018283016
328,KOSÑIPATA,PAUCARTAMBO,CUSCO,5066.0,372.2985843868426,83.64423810013754
329,URUBAMBA,URUBAMBA,CUSCO,23176.0,355.8843099758034,83.43748343658574
330,ANCAHUASI,ANTA,CUSCO,7772.0,336.875647366098,82.94277948053319
331,CACHIMAYO,ANTA,CUSCO,2654.0,330.6472094227576,83.11156537411371
332,VINCHOS,HUAMANGA,AYACUCHO,15300.0,465.316524472306,82.81918795406021
333,ORONCCOY,LA MAR,AYACUCHO,1155.0,393.29966387060045,82.68283530231845
334,CHILCAS,LA MAR,AYACUCHO,1731.0,437.46571043223,83.89741134853787
335,AYACUCHO,HUAMANGA,AYACUCHO,106913.0,465.46839951149275,81.33037870435638
336,JESUS NAZARENO,HUAMANGA,AYACUCHO,20336.0,463.6454269971465,83.94638328044537
337,SAN JOSE DE TICLLAS,HUAMANGA,AYACUCHO,1483.0,471.3423335392664,83.39105483820792
338,ANCO,LA MAR,AYACUCHO,8778.0,433.97355424605854,81.62639253681384
339,HUAMANGUILLA,HUANTA,AYACUCHO,4382.0,471.77709556789887,83.7979914551692
340,IGUAIN,HUANTA,AYACUCHO,2872.0,476.47003973234087,83.7112388816385
341,COLQUEPATA,PAUCARTAMBO,CUSCO,9351.0,332.84645800596314,80.7999838659676
342,SAN SALVADOR,CALCA,CUSCO,6135.0,324.1871790798256,83.02661908036623
343,OCONGATE,QUISPICANCHI,CUSCO,18106.0,302.49851305948727,82.73700174583605
344,OROPESA,QUISPICANCHI,CUSCO,10668.0,314.845671567605,80.9949035097622
345,TICRAPO,CASTROVIRREYNA,HUANCAVELICA,1478.0,532.0312964217352,82.62644280164211
346,MOLLEPAMPA,CASTROVIRREYNA,HUANCAVELICA,1158.0,542.7612146350068,82.40529594405557
347,ARMA,CASTROVIRREYNA,HUANCAVELICA,909.0,562.3110198015519,81.99270222167152
348,TANTARA,CASTROVIRREYNA,HUANCAVELICA,629.0,570.2421582458585,81.45807298875225
349,AURAHUA,CASTROVIRREYNA,HUANCAVELICA,1550.0,568.1389820710934,81.86717912796661
350,SANTA ANA,CASTROVIRREYNA,HUANCAVELICA,921.0,533.5691767195308,82.1521320321253
351,LIRCAY,ANGARAES,HUANCAVELICA,25115.0,502.42548657425203,83.21735259732355
352,CCOCHACCASA,ANGARAES,HUANCAVELICA,3251.0,521.1424204338739,82.84708550013723
353,ANCHONGA,ANGARAES,HUANCAVELICA,7687.0,517.9771934714985,82.91050599125808
354,CAJA,ACOBAMBA,HUANCAVELICA,1846.0,503.0730483055838,83.20473534293383
355,HUANCA-HUANCA,ANGARAES,HUANCAVELICA,1393.0,505.8467997627958,83.15053252803656
356,CHINCHO,ANGARAES,HUANCAVELICA,919.0,484.59361352798794,82.14750403363158
357,ANTA,ACOBAMBA,HUANCAVELICA,4930.0,520.9153029125159,82.85164696569048
358,ÑAHUIMPUQUIO,TAYACAJA,HUANCAVELICA,1495.0,592.1212071672221,81.33642286823678
359,QUISHUAR,TAYACAJA,HUANCAVELICA,713.0,577.155523325115,81.66181833624901
360,SALCABAMBA,TAYACAJA,HUANCAVELICA,3967.0,583.0668466082367,81.539772289936
361,SALCAHUASI,TAYACAJA,HUANCAVELICA,2675.0,588.9293324967798,81.40857481444507
362,CHURCAMPA,CHURCAMPA,HUANCAVELICA,5304.0,511.45650748133676,83.0401320391447
363,QUICHUAS,TAYACAJA,HUANCAVELICA,4260.0,555.3451850737634,82.14117772837766
364,ANCO,CHURCAMPA,HUANCAVELICA,5873.0,529.040670288336,82.68742175824053
365,HUANCANO,PISCO,ICA,1607.0,540.460801769545,82.4530200978824
366,HUANCAN,HUANCAYO,JUNIN,26850.0,618.5959175364858,81.17927815784964
367,HUANCAYO,HUANCAYO,JUNIN,125525.0,619.758995832352,79.92767023836765
368,CONCEPCION,CONCEPCION,JUNIN,16695.0,643.1131078652705,81.42747955900967
369,INGENIO,HUANCAYO,JUNIN,2552.0,642.081311061214,81.41716576541127
370,NUEVE DE JULIO,CONCEPCION,JUNIN,2429.0,645.1336696274712,81.44764677256816
371,SICAYA,HUANCAYO,JUNIN,18371.0,632.1777531403452,81.31761418220648
372,HUALHUAS,HUANCAYO,JUNIN,5657.0,633.5906147235546,81.33188024279796
373,ACO,CONCEPCION,JUNIN,1725.0,645.2123477582861,81.44843125739717
374,HUASICANCHA,HUANCAYO,JUNIN,865.0,602.4592050952407,81.09857765931353
375,CHONGOS ALTO,HUANCAYO,JUNIN,1573.0,604.2856791991403,81.05577499981975
376,CULLHUAS,HUANCAYO,JUNIN,1454.0,603.1272544845629,81.08295328026354
377,HUACRAPUQUIO,HUANCAYO,JUNIN,1429.0,612.4659039731115,81.11605615412066
378,CHUPURO,HUANCAYO,JUNIN,2140.0,612.7333154437877,81.11882536449713
415,HUAYANA,ANDAHUAYLAS,APURIMAC,771.0,344.1961364592091,81.80044882565355
416,CARAYBAMBA,AYMARAES,APURIMAC,940.0,276.4102058773212,82.19601847366408
417,SABAINO,ANTABAMBA,APURIMAC,1094.0,277.9780234916334,82.40146245059525
418,VIRUNDO,GRAU,APURIMAC,674.0,264.3915208335385,81.56768422069196
419,CHALHUANCA,AYMARAES,APURIMAC,5157.0,296.2320367767828,82.65206718331909
420,YANACA,AYMARAES,APURIMAC,954.0,297.3465983720022,82.22826422344048
421,SAN ANTONIO,GRAU,APURIMAC,266.0,272.4845255381153,80.5044380414025
422,PATAYPAMPA,GRAU,APURIMAC,805.0,274.80530041766957,81.881001737737
423,SAÑAYCA,AYMARAES,APURIMAC,1107.0,301.6676370095877,82.57569271310103
424,SANTA ROSA,GRAU,APURIMAC,533.0,279.944580603336,81.22013518908895
425,PAMPACHIRI,ANDAHUAYLAS,APURIMAC,2323.0,313.20611466518227,82.88083097882561
426,CHUQUIBAMBILLA,GRAU,APURIMAC,5328.0,286.2855148630573,82.51610409424114
427,VILCABAMBA,GRAU,APURIMAC,1319.0,283.59060211413595,82.47902312677105
428,MICAELA BASTIDAS,GRAU,APURIMAC,943.0,274.6862963121149,82.20293480169822
429,POMACOCHA,ANDAHUAYLAS,APURIMAC,879.0,331.01645469214367,82.05460566028347
430,HUAYLLO,AYMARAES,APURIMAC,441.0,314.64111641939917,80.98538786369784
431,CHACOCHE,ABANCAY,APURIMAC,1393.0,309.2014835065883,82.82723139760255
432,PICHIRHUA,ABANCAY,APURIMAC,2828.0,331.83721047856517,83.1271465978342
501,HONGOS,YAUYOS,LIMA,360.0,600.7582963681153,80.7706054939851
502,TUPE,YAUYOS,LIMA,575.0,611.524599723959,81.10629986797304
503,VIÑAC,YAUYOS,LIMA,1855.0,599.7193570400738,81.1623044954704
522,HUMAY,PISCO,ICA,6156.0,546.5273613006106,82.3267940649431
523,INDEPENDENCIA,PISCO,ICA,15042.0,570.074083185693,81.82522865763292
524,ILABAYA,JORGE BASADRE,TACNA,6630.0,149.12657336393053,80.43587469682582
525,ITE,JORGE BASADRE,TACNA,3297.0,167.196632810943,80.75345562364927
526,MOQUEGUA,MARISCAL NIETO,MOQUEGUA,71688.0,103.99476804089606,81.93217007662527
527,SAMEGUA,MARISCAL NIETO,MOQUEGUA,9348.0,110.344904030155,80.8046033308629
528,SAN CRISTOBAL,MARISCAL NIETO,MOQUEGUA,1993.0,99.37069454442181,82.25999080735839
529,TORATA,MARISCAL NIETO,MOQUEGUA,7198.0,107.30145019899238,81.69257017514344
530,OMATE,GENERAL SANCHEZ CERRO,MOQUEGUA,3564.0,66.72183671864603,84.34125551292667
531,CHOJATA,GENERAL SANCHEZ CERRO,MOQUEGUA,807.0,103.32723028913007,81.88572432481106
532,ICHUÑA,GENERAL SANCHEZ CERRO,MOQUEGUA,3437.0,114.08839614304497,81.18416934151972
533,SAMA,TACNA,TACNA,3720.0,194.70347791069602,81.19137050518884
534,CANDARAVE,CANDARAVE,TACNA,2780.0,154.3289631713989,80.53162748341093
535,CURIBAYA,CANDARAVE,TACNA,433.0,168.30700465777048,80.77189719119792
536,ALTO DE LA ALIANZA,TACNA,TACNA,37507.0,206.84160592526027,81.37607706719844
551,RAYMONDI,ATALAYA,UCAYALI,39819.0,676.201686956614,81.75316776459961
562,MARISCAL CACERES,HUANCAVELICA,HUANCAVELICA,508.0,562.6989336251634,81.15709649810456
564,VIRACO,CASTILLA,AREQUIPA,1763.0,140.83132284494113,80.27038559437204
565,CABANACONDE,CAYLLOMA,AREQUIPA,2446.0,92.9707053951471,82.70082064344399
566,ATICO,CARAVELI,AREQUIPA,5906.0,217.50589015462353,81.5354664367786
567,CAHUACHO,CARAVELI,AREQUIPA,695.0,224.39564581729593,81.61846720729258
568,CHAPARRA,CARAVELI,AREQUIPA,3839.0,265.544151590927,82.22801945796459
569,POLOBAYA,AREQUIPA,AREQUIPA,974.0,32.15344119243452,82.27419566684216
573,CUTURAPI,YUNGUYO,PUNO,1359.0,252.14759961062256,82.03860183322642
574,PILCUYO,EL COLLAO,PUNO,11147.0,219.63067605446977,81.19875796110317
575,SAN ANTONIO,PUNO,PUNO,2688.0,136.9555297583949,80.18443339287992
576,ILAVE,EL COLLAO,PUNO,49561.0,199.56729415186732,81.26585038140784
577,ALTO PICHIGUA,ESPINAR,CUSCO,2126.0,187.97441068130468,81.08714798998851
578,SALAS,ICA,ICA,29105.0,541.3558286555234,82.43447225115052
579,SAN JOSE DE LOS MOLINOS,ICA,ICA,8075.0,519.5707719176171,82.5599940546519
580,ZURITE,ANTA,CUSCO,3840.0,334.48855663120327,83.16178686178621
581,CAICAY,PAUCARTAMBO,CUSCO,3017.0,315.12175646820117,82.90638914092327
582,HUANTA,HUANTA,AYACUCHO,43001.0,482.33712542124493,83.60166087033218
583,AYAHUANCO,HUANTA,AYACUCHO,1254.0,522.5630912822313,82.81851471550884
584,SIVIA,HUANTA,AYACUCHO,12488.0,497.48376339079846,81.7456626690847
585,LUIS CARRANZA,LA MAR,AYACUCHO,1343.0,432.61690230775247,83.0939389598997
586,TINTAY PUNCU,TAYACAJA,HUANCAVELICA,3249.0,567.1255159743935,81.88909485449732
587,HUACHOCOLPA,TAYACAJA,HUANCAVELICA,3346.0,580.7316212311858,81.59159263129621
588,ACOSTAMBO,TAYACAJA,HUANCAVELICA,3360.0,579.5003235600393,81.61882086846718
589,HUAYTARA,HUAYTARA,HUANCAVELICA,2236.0,514.579100553705,82.97823044476633
590,QUITO-ARMA,HUAYTARA,HUANCAVELICA,661.0,523.4296821497653,81.53613201813646
591,PILPICHACA,HUAYTARA,HUANCAVELICA,2969.0,494.59935830725465,83.36872170012005
592,TORAYA,AYMARAES,APURIMAC,1254.0,325.6139140008225,82.90102572034868
603,ESTIQUE,TARATA,TACNA,280.0,209.7593809782512,80.54581166392514
607,KISHUARA,ANDAHUAYLAS,APURIMAC,6560.0,350.28550043589996,83.36600721071922
608,CCORCA,CUSCO,CUSCO,2461.0,317.52272473801474,82.93834772744648
610,MOLINOS,JAUJA,JUNIN,1684.0,672.5733377903479,81.71789725633195
611,COMAS,CONCEPCION,JUNIN,5968.0,647.4682192763527,81.47089894582605
613,LABERINTO,TAMBOPATA,MADRE DE DIOS,6655.0,464.8274146816557,83.92496765661879
614,LAS PIEDRAS,TAMBOPATA,MADRE DE DIOS,15930.0,532.9745284249329,82.60715075474292
615,TAHUAMANU,TAHUAMANU,MADRE DE DIOS,3665.0,566.299961265062,81.90691951856097
616,IBERIA,TAHUAMANU,MADRE DE DIOS,6865.0,585.7831496583001,81.47918680222745
618,SAN FRANCISCO DE SANGAYAICO,HUAYTARA,HUANCAVELICA,894.0,496.3876615471079,82.08951846075483
620,TUTI,CAYLLOMA,AREQUIPA,681.0,102.66951014909651,81.58463708480285
621,MAJES,CAYLLOMA,AREQUIPA,66859.0,81.31282591442303,83.46580716778938
622,CHUQUIBAMBA,CONDESUYOS,AREQUIPA,3650.0,132.8349076316087,80.08298902109811
623,ANDARAY,CONDESUYOS,AREQUIPA,715.0,152.71607590025693,80.50243043484635
624,SALAMANCA,CONDESUYOS,AREQUIPA,527.0,166.56786146900873,80.74297278507474
625,TIPAN,CASTILLA,AREQUIPA,481.0,126.11545297201182,80.11553653177775
627,HUATASANI,HUANCANE,PUNO,3310.0,241.57056661801553,81.88711206418084
628,JOSE DOMINGO CHOQUEHUANCA,AZANGARO,PUNO,4859.0,200.59157373685414,81.28145233736869
629,LOS MOROCHUCOS,CANGALLO,AYACUCHO,8323.0,433.15529976391105,82.23811990828528
630,VISCHONGO,VILCAS HUAMAN,AYACUCHO,4015.0,413.2047697180477,84.14047661273595
631,CHUSCHI,CANGALLO,AYACUCHO,9134.0,448.67668580879337,81.12374838302769
640,CACRA,YAUYOS,LIMA,571.0,606.8044755189211,81.05717057120839
645,LOMAS,CARAVELI,AREQUIPA,1581.0,381.02403342107505,83.5942791990115
646,YAUCA,CARAVELI,AREQUIPA,2111.0,321.11232969880916,82.98597245956798
647,APLAO,CASTILLA,AREQUIPA,9595.0,118.02981268472594,80.50394066078056
648,HUANCARQUI,CASTILLA,AREQUIPA,1679.0,99.07662708183435,82.28056911636564
662,COPORAQUE,CAYLLOMA,AREQUIPA,1259.0,91.1673060116527,82.82239537386407
663,HUAMBO,CAYLLOMA,AREQUIPA,751.0,95.08340689326916,81.75282246168362
664,LARI,CAYLLOMA,AREQUIPA,995.0,105.54798121975244,81.82019382401812
665,COTAHUASI,LA UNION,AREQUIPA,3197.0,189.2741727305157,81.10739508880323
666,TOMEPAMPA,LA UNION,AREQUIPA,736.0,188.0969073799146,81.0890586927264
667,QUEQUEÑA,AREQUIPA,AREQUIPA,5173.0,18.024113249480422,81.26269273015517
668,SAN JUAN DE TARUCANI,AREQUIPA,AREQUIPA,1569.0,52.74183708426592,83.56961017792086
669,SANTA ISABEL DE SIGUAS,AREQUIPA,AREQUIPA,797.0,58.31736294962597,81.86209397179388
670,SOCABAYA,AREQUIPA,AREQUIPA,80746.0,7.154419226137622,80.35624308877964
671,JOSE MARIA QUIMPER,CAMANA,AREQUIPA,4813.0,129.69428394354605,79.99499997171951
672,MARIANO NICOLAS VALCARCEL,CAMANA,AREQUIPA,7591.0,174.778878832689,80.87778899141443
673,MARISCAL CACERES,CAMANA,AREQUIPA,6624.0,138.38274636256372,80.2169524444848
674,OCOÑA,CAMANA,AREQUIPA,4467.0,158.10595885606114,80.59857864634262
675,ACARI,CARAVELI,AREQUIPA,5282.0,344.4061584622759,83.29043713312369
676,WANCHAQ,CUSCO,CUSCO,63058.0,321.4634361386584,82.99062070445667
677,PAUCARPATA,AREQUIPA,AREQUIPA,139471.0,6.467606358845474,80.48922087792086
678,ISLAY,ISLAY,AREQUIPA,5385.0,79.40221818092513,83.58631892137926
679,UCHURACCAY,HUANTA,AYACUCHO,3981.0,486.44737608441574,83.52416526015827
680,INKAWASI,LA CONVENCION,CUSCO,5060.0,388.00279570785375,83.83803921262867
681,VILLA VIRGEN,LA CONVENCION,CUSCO,2412.0,418.84222298720766,84.2066259095066
682,CHINCHEROS,CHINCHEROS,APURIMAC,5616.0,398.5229490069002,83.9655990445944
697,CHACA,HUANTA,AYACUCHO,2329.0,492.614933872866,83.40677240901057
699,ECHARATE,LA CONVENCION,CUSCO,28022.0,468.25841094742725,83.86250572257474
700,SEPAHUA,ATALAYA,UCAYALI,8288.0,605.125873514478,81.03961189864398
702,ACHOMA,CAYLLOMA,AREQUIPA,937.0,67.12075548224824,82.18909857849752
703,CHIGUATA,AREQUIPA,AREQUIPA,3235.0,19.458558525639045,81.37141866373857
704,LA JOYA,AREQUIPA,AREQUIPA,36616.0,33.983954334285606,82.4178258097752
705,CAPAZO,EL COLLAO,PUNO,1203.0,210.5009397157566,81.43104813979573
706,PISACOMA,CHUCUITO,PUNO,8800.0,230.2824866318949,81.59604003745332
707,ANAPIA,YUNGUYO,PUNO,1802.0,284.1874571224901,82.48724457312561
708,JULI,CHUCUITO,PUNO,21033.0,217.54089829492298,81.53598573717093
709,LAMPA,LAMPA,PUNO,11723.0,167.7347807818513,80.76240447827574
710,TARACO,HUANCANE,PUNO,13632.0,211.12885830332846,81.44045067569733
711,SAMAN,AZANGARO,PUNO,10085.0,205.9655307588562,80.73650515695556
712,PUNO,PUNO,PUNO,140527.0,167.1978687669809,80.56461673027368
713,PAUCARCOLLA,PUNO,PUNO,4435.0,174.52081028336877,80.8736136815737
714,VILQUE,PUNO,PUNO,3023.0,153.06058729035382,80.5087006829238
715,AMANTANI,PUNO,PUNO,3564.0,211.4528221013766,81.44529837963297
716,CABANILLAS,SAN ROMAN,PUNO,4669.0,115.58520547260383,81.06804398255454
717,TILALI,MOHO,PUNO,2588.0,256.0199836237872,82.09363121727415
718,CABANILLA,LAMPA,PUNO,5876.0,154.00117770245626,80.52572572045501
719,JULIACA,SAN ROMAN,PUNO,239463.0,176.25540128670985,81.004095312345
720,ARAPA,AZANGARO,PUNO,7367.0,213.4080514129721,81.47450783600563
721,OCUVIRI,LAMPA,PUNO,2457.0,154.3763044389838,80.53247856136798
722,QUILCAPUNCU,SAN ANTONIO DE PUTINA,PUNO,5515.0,267.0242670409672,82.24878384558635
723,AYAVIRI,MELGAR,PUNO,25333.0,191.58839263039343,81.1433040383154
724,MUÑANI,AZANGARO,PUNO,7057.0,253.50010354579214,82.0578478122918
725,ORURILLO,MELGAR,PUNO,8062.0,221.4078642002326,81.59319855288518
726,PATAMBUCO,SANDIA,PUNO,4265.0,309.55485192869713,82.83197028485466
727,NUÑOA,MELGAR,PUNO,8864.0,245.4141303702642,81.5072745354332
728,SANDIA,SANDIA,PUNO,11501.0,325.17490797006576,81.34605340524504
729,QUIACA,SANDIA,PUNO,2313.0,317.7536208002389,82.94141672974541
730,AJOYANI,CARABAYA,PUNO,2381.0,284.5538912069134,82.4922895368795
731,ALTO INAMBARI,SANDIA,PUNO,7576.0,353.8293794182947,83.18420171241173
732,OLLACHEA,CARABAYA,PUNO,6337.0,313.9781136689264,82.89113721394402
749,YAUYOS,YAUYOS,LIMA,1704.0,645.3528768846206,81.4498322985513
750,ALIS,YAUYOS,LIMA,1620.0,640.0858506037096,81.39718910825398
813,ANDRES AVELINO CACERES DORREGARAY,HUAMANGA,AYACUCHO,30546.0,460.2386359185787,84.00781121150762
842,COTABAMBAS,COTABAMBAS,APURIMAC,4102.0,306.5132059502616,82.79112134141981
843,URANMARCA,CHINCHEROS,APURIMAC,2833.0,379.0391345702831,83.72790996227027
844,SANTA MARIA DE CHICMO,ANDAHUAYLAS,APURIMAC,8892.0,372.95910459635223,81.46821120408168
845,TAMBURCO,ABANCAY,APURIMAC,11564.0,344.54839231993435,81.37201749217645
846,CAPACMARCA,CHUMBIVILCAS,CUSCO,4307.0,266.25917138654694,82.23805440586906
847,CHAMACA,CHUMBIVILCAS,CUSCO,6918.0,232.4371611831076,81.75484693615128
848,LAYO,CANAS,CUSCO,5810.0,213.4770418509279,81.47553700540183
849,CHECACUPE,CANCHIS,CUSCO,5279.0,270.67131300229505,82.29981128534789
850,POMACANCHI,ACOMAYO,CUSCO,7944.0,260.79413706850727,82.16116419705084
851,LEONCIO PRADO,LUCANAS,AYACUCHO,1135.0,382.1031802890917,82.63829974729516
852,CORCULLA,PAUCAR DEL SARA SARA,AYACUCHO,439.0,220.3357203388972,80.98019104711135
853,PAUSA,PAUCAR DEL SARA SARA,AYACUCHO,3345.0,229.1753202107101,81.70726782525956
854,PUYUSCA,PARINACOCHAS,AYACUCHO,2155.0,253.4725143244151,82.0574554996532
855,OYOLO,PAUCAR DEL SARA SARA,AYACUCHO,1590.0,228.56405633711552,81.69833080052847
856,COLTA,PAUCAR DEL SARA SARA,AYACUCHO,477.0,231.94648059982174,81.07819090087693
857,CHUMPI,PARINACOCHAS,AYACUCHO,2345.0,272.93817026837297,82.33143043100486
858,SAN FRANCISCO DE RAVACAYCO,PARINACOCHAS,AYACUCHO,517.0,249.81031465020172,81.17984839592376
859,CHAVIÑA,LUCANAS,AYACUCHO,2341.0,296.9158853632484,82.66136316084773
860,SACSAMARCA,HUANCA SANCOS,AYACUCHO,1369.0,393.9944921364357,83.14970958037107
862,ALLAUCA,YAUYOS,LIMA,1331.0,639.6424817144268,81.39274506075186
863,HUAÑEC,YAUYOS,LIMA,526.0,670.199561248983,81.2025345061575
864,MADEAN,YAUYOS,LIMA,628.0,588.4750436955543,81.4188009425942
865,QUINCHES,YAUYOS,LIMA,755.0,668.3735453092326,81.67694331447308
866,TAURIPAMPA,YAUYOS,LIMA,579.0,648.333246595368,81.33490413985777
868,CHINCHA ALTA,CHINCHA,ICA,78261.0,592.1371632304908,81.33606081253355
869,EL TAMBO,HUANCAYO,JUNIN,174637.0,627.626114187109,81.27150194320832
893,MATAHUASI,CONCEPCION,JUNIN,6237.0,648.7548324310102,81.48369161776006
894,SANTA ROSA DE OCOPA,CONCEPCION,JUNIN,2157.0,646.3286794852793,81.45955558874063
895,PACCHA,JAUJA,JUNIN,1560.0,661.1406682649392,81.60607901657377
896,APATA,JAUJA,JUNIN,4772.0,660.5545079873858,81.60031711462673
897,MUQUIYAUYO,JAUJA,JUNIN,2427.0,659.7901262102461,81.59279894894465
898,EL MANTARO,JAUJA,JUNIN,2780.0,656.6003925315468,81.56137204216003
899,HUAMALI,JAUJA,JUNIN,1746.0,659.8862060568098,81.59374422562153
900,ATAURA,JAUJA,JUNIN,1383.0,662.3315671753929,81.6177765554858
901,LLOCLLAPAMPA,JAUJA,JUNIN,1221.0,671.4220723644062,81.70668463298433
902,HUERTAS,JAUJA,JUNIN,2206.0,666.349986273839,81.65716052501251
903,JULCAN,JAUJA,JUNIN,769.0,664.6293168983493,81.64031273179312
904,PACA,JAUJA,JUNIN,933.0,677.5649431533831,81.7663935776043
905,YAULI,JAUJA,JUNIN,1154.0,674.0339158659186,81.73210750929518
910,PAMPA HERMOSA,SATIPO,JUNIN,4233.0,657.9431808188809,81.57461255835518
912,COVIRIALI,SATIPO,JUNIN,6474.0,656.169624165952,81.55712114772732
915,IMPERIAL,CAÑETE,LIMA,41617.0,640.4762688341578,81.401100759299
922,SAN PEDRO,LUCANAS,AYACUCHO,2793.0,327.5086920526306,83.07037162501112
923,PUQUIO,LUCANAS,AYACUCHO,14819.0,327.8200126947564,82.64164522608534
924,OCAÑA,LUCANAS,AYACUCHO,2415.0,417.45693955939583,84.19042338510052
925,CHIPAO,LUCANAS,AYACUCHO,2671.0,320.0902061832728,82.97243054111853
926,SANTA ANA DE HUAYCAHUACHO,LUCANAS,AYACUCHO,762.0,352.6897741748337,81.77903955106036
927,AUCARA,LUCANAS,AYACUCHO,2814.0,372.82763962560483,83.65083164407982
928,SORAS,SUCRE,AYACUCHO,1032.0,335.7284728671357,82.40651462547433
929,ASQUIPATA,VICTOR FAJARDO,AYACUCHO,428.0,364.8800590722742,80.95152455063888
930,APONGO,VICTOR FAJARDO,AYACUCHO,614.0,371.0021756393143,81.42128217818947
931,SANTIAGO DE LUCANAMARCA,HUANCA SANCOS,AYACUCHO,2204.0,430.4938249245633,84.34125551292667
932,HUAYA,VICTOR FAJARDO,AYACUCHO,2158.0,383.78407041885987,83.78637051033029
933,HUANCARAYLLA,VICTOR FAJARDO,AYACUCHO,1292.0,408.2958380418865,82.9837709775254
934,COLCA,VICTOR FAJARDO,AYACUCHO,1011.0,401.4143169268923,82.35875677812918
935,PACCARITAMBO,PARURO,CUSCO,2173.0,295.2989810505592,82.6393728230562
936,COLCHA,PARURO,CUSCO,985.0,283.0663483900962,82.29939116104282
937,CHECCA,CANAS,CUSCO,5711.0,212.2678951164915,81.45748483927726
938,QUEHUE,CANAS,CUSCO,2827.0,226.16129491415518,81.66313632444906
939,SICUANI,CANCHIS,CUSCO,64605.0,243.29191738860357,81.91188648022181
940,COMBAPATA,CANCHIS,CUSCO,5182.0,257.7376917163942,82.11796845292801
941,MARANGANI,CANCHIS,CUSCO,10751.0,230.16335802784417,81.03066988141269
942,PITUMARCA,CANCHIS,CUSCO,8363.0,281.830067005253,82.1854724463557
943,LUCRE,QUISPICANCHI,CUSCO,5063.0,306.8426368537931,82.79555195962413
944,QUIQUIJANA,QUISPICANCHI,CUSCO,11924.0,288.0701541509528,81.51910492364507
945,SAN PEDRO,CANCHIS,CUSCO,2872.0,249.1620486822398,81.99601838068608
946,PALLPATA,ESPINAR,CUSCO,5306.0,172.9226627726765,80.8476751712738
947,SANTO DOMINGO DE CAPILLAS,HUAYTARA,HUANCAVELICA,730.0,495.4500992727199,81.70261555985869
948,CHANGUILLO,NASCA,ICA,2278.0,444.3229712102418,84.28877932285309
949,EL INGENIO,NASCA,ICA,3678.0,418.594199872499,84.20372750050898
950,VISTA ALEGRE,NASCA,ICA,23538.0,388.9500906840716,83.84960092391016
951,PALPA,PALPA,ICA,8985.0,440.30909683207364,81.33738290006112
952,LLIPATA,PALPA,ICA,1795.0,437.33009758340455,84.02371230250247
953,LOS AQUIJES,ICA,ICA,24965.0,510.9014839502156,83.05110126829679
954,OCUCAJE,ICA,ICA,5133.0,502.7278007191766,83.21146397906314
955,SAN JUAN BAUTISTA,ICA,ICA,15870.0,525.2064860457796,82.76518082105487
956,RANRACANCHA,CHINCHEROS,APURIMAC,4313.0,386.3563327097621,83.8179089735718
957,KAQUIABAMBA,ANDAHUAYLAS,APURIMAC,1800.0,371.3355176374151,83.63222410826816
958,HUACCANA,CHINCHEROS,APURIMAC,6971.0,415.4305541229008,83.88064011867446
959,SOCOS,HUAMANGA,AYACUCHO,6437.0,456.81846312239463,84.069031719107
960,MOLLEPATA,ANTA,CUSCO,3443.0,346.20387508893685,83.3135994565362
961,CHINCHERO,URUBAMBA,CUSCO,12035.0,336.2603099641745,81.5640481391288
962,LARES,CALCA,CUSCO,6727.0,371.4261953852598,83.63335591620992
963,MARANURA,LA CONVENCION,CUSCO,4831.0,402.16065125543497,84.00927374489784
964,SANTA TERESA,LA CONVENCION,CUSCO,7186.0,373.0512617282274,83.64956128994339
965,OLLANTAYTAMBO,URUBAMBA,CUSCO,11789.0,360.90831239591944,81.46419205474467
966,YUCAY,URUBAMBA,CUSCO,3453.0,349.4346313928936,83.35510293202027
967,TOTOS,CANGALLO,AYACUCHO,3156.0,448.59527585775004,84.21434908361019
968,OCROS,HUAMANGA,AYACUCHO,5764.0,419.5458158658855,84.21484214797908
969,CHIARA,HUAMANGA,AYACUCHO,6379.0,438.377257277404,84.21097959438468
970,SAN JUAN BAUTISTA,HUAMANGA,AYACUCHO,52475.0,457.45412859295016,84.05768770155487
971,ACOS VINCHOS,HUAMANGA,AYACUCHO,4726.0,453.0791425997298,84.13544338086783
972,SAN MIGUEL,LA MAR,AYACUCHO,11344.0,454.2542306188212,81.28103261181553
973,CARMEN ALTO,HUAMANGA,AYACUCHO,30856.0,458.3512260674159,84.04165149693475
974,PISAC,CALCA,CUSCO,11494.0,335.41524432346256,81.34316412503098
975,TARAY,CALCA,CUSCO,4911.0,328.4032290977732,83.0821273356898
976,CAPILLAS,CASTROVIRREYNA,HUANCAVELICA,902.0,554.2926408358607,82.10810125474408
977,SANTO TOMAS DE PATA,ANGARAES,HUANCAVELICA,1471.0,479.8580577716148,83.36589746871859
978,SECCLLA,ANGARAES,HUANCAVELICA,3166.0,490.1084444016271,83.45463990312243
979,HUACHOCOLPA,HUANCAVELICA,HUANCAVELICA,2007.0,523.4715238788646,82.80021130617745
980,CHUPAMARCA,CASTROVIRREYNA,HUANCAVELICA,905.0,579.7665221494722,81.61293976351779
981,CONGALLA,ANGARAES,HUANCAVELICA,3648.0,498.36587954412204,83.29613015001883
982,ACOBAMBA,ACOBAMBA,HUANCAVELICA,9359.0,513.6728098216546,80.78764003571668
983,MARCAS,ACOBAMBA,HUANCAVELICA,1521.0,497.85755664115726,83.30595510414392
984,ACORIA,HUANCAVELICA,HUANCAVELICA,18611.0,550.5212108382499,82.24304084511593
985,MANTA,HUANCAVELICA,HUANCAVELICA,964.0,573.8042091451122,81.74396724439255
986,CONAYCA,HUANCAVELICA,HUANCAVELICA,773.0,572.5982750392764,81.77029685664559
987,VILCA,HUANCAVELICA,HUANCAVELICA,1890.0,587.942643220501,81.43077219202026
988,CUENCA,HUANCAVELICA,HUANCAVELICA,1099.0,578.6010049034892,81.63866740721846
989,ACRAQUIA,TAYACAJA,HUANCAVELICA,3663.0,575.8769161894907,81.69858023494533
990,DANIEL HERNANDEZ,TAYACAJA,HUANCAVELICA,9752.0,573.1355194270286,80.58068925926801
991,HUARIBAMBA,TAYACAJA,HUANCAVELICA,3043.0,585.4299454297009,81.48708415916043
992,SAN MARCOS DE ROCCHAC,TAYACAJA,HUANCAVELICA,1855.0,604.1174524723647,81.05972868213607
993,COSME,CHURCAMPA,HUANCAVELICA,3170.0,540.8964354448444,82.44399558845579
994,LA MERCED,CHURCAMPA,HUANCAVELICA,1060.0,500.3925689317217,82.46992715615396
995,PACHAMARCA,CHURCAMPA,HUANCAVELICA,1940.0,534.6306581791434,82.57320866812702
996,CHINCHIHUASI,CHURCAMPA,HUANCAVELICA,2034.0,546.3837908842548,82.32979510687967
997,COLCABAMBA,TAYACAJA,HUANCAVELICA,11806.0,560.8235262877976,81.47112266817823
998,ALTO LARAN,CHINCHA,ICA,8810.0,580.0101253235734,81.58221680434517
999,CHAVIN,CHINCHA,ICA,2232.0,597.741303150935,81.20798287339295
1000,CHINCHA BAJA,CHINCHA,ICA,15065.0,591.6652178148887,81.34676372654667
1001,EL CARMEN,CHINCHA,ICA,14381.0,569.6103683628261,81.83529402592228
1002,SAPALLANGA,HUANCAYO,JUNIN,22880.0,613.8918205348712,81.13081022215361
1003,CHONGOS BAJO,CHUPACA,JUNIN,4819.0,617.0489652562152,81.16337334509241
1004,CHAMBARA,CONCEPCION,JUNIN,2819.0,643.717617474397,81.43351733792909
1005,PARIAHUANCA,HUANCAYO,JUNIN,5710.0,610.7708321691796,81.09847767652248
1006,SINCOS,JAUJA,JUNIN,4382.0,654.481116450627,81.54044298453435
1007,MANZANARES,CONCEPCION,JUNIN,1554.0,638.9841312795346,81.3861424726029
1008,SAN AGUSTIN,HUANCAYO,JUNIN,17037.0,631.1184107656337,81.30690315636778
1009,SAÑO,HUANCAYO,JUNIN,5925.0,635.2778101973572,81.34888776269291
1010,ORCOTUNA,CONCEPCION,JUNIN,5102.0,638.729988237337,81.38359248561807
1011,CHACAPAMPA,HUANCAYO,JUNIN,989.0,597.1272103275548,81.22211110444832
1012,CARHUACALLANGA,HUANCAYO,JUNIN,523.0,597.7745724575235,81.19497964016765
1013,CHICCHE,HUANCAYO,JUNIN,770.0,609.6572736150408,81.08690578928027
1014,AHUAC,CHUPACA,JUNIN,6894.0,631.2917570616397,81.30865672455252
1015,SAN JUAN DE JARPA,CHUPACA,JUNIN,2872.0,634.8784015859096,81.34486436331154
1049,LUCRE,AYMARAES,APURIMAC,1575.0,331.34728546543096,83.12073430960481
1050,CHAPIMARCA,AYMARAES,APURIMAC,1909.0,313.53270274828157,82.88519199720686
1051,COLCABAMBA,AYMARAES,APURIMAC,673.0,326.5072656784422,81.56526029737448
1052,COTARUSE,AYMARAES,APURIMAC,2792.0,275.91489524347145,82.37283822086586
1053,HAQUIRA,COTABAMBAS,APURIMAC,10068.0,247.35780840061364,80.72873189058534
1054,MAMARA,GRAU,APURIMAC,853.0,267.05549400334934,81.99387141382942
1055,SORAYA,AYMARAES,APURIMAC,701.0,310.6837770072095,81.63293546909729
1056,CHALLHUAHUACHO,COTABAMBAS,APURIMAC,16168.0,261.14081307223074,82.16605486547344
1057,TAPAIRIHUA,AYMARAES,APURIMAC,1929.0,306.23816634788426,82.78742105860466
1058,MARA,COTABAMBAS,APURIMAC,6278.0,268.83562822440047,82.27415163909947
1059,JUSTO APU SAHUARAURA,AYMARAES,APURIMAC,751.0,308.8247263777393,81.75282246168362
1060,CHIARA,ANDAHUAYLAS,APURIMAC,1193.0,358.04400940034645,82.76703062413671
1061,COYLLURQUI,COTABAMBAS,APURIMAC,7080.0,290.53845885372994,82.5744120028694
1062,LAMBRAMA,ABANCAY,APURIMAC,3056.0,318.05230298168925,82.94538558189278
1063,TURPO,ANDAHUAYLAS,APURIMAC,3789.0,356.64180120271845,83.44711696395109
1064,SAN ANTONIO DE CACHI,ANDAHUAYLAS,APURIMAC,3029.0,368.71372367198506,83.59944348000286
1117,CATAHUASI,YAUYOS,LIMA,1201.0,619.3857492984322,81.18738625770901
1118,CHOCOS,YAUYOS,LIMA,908.0,609.9199400518728,81.08963710269403
1119,HUANGASCAR,YAUYOS,LIMA,729.0,600.061864853446,81.15436784856519
1120,LINCHA,YAUYOS,LIMA,512.0,594.0612855608831,81.16721672193817
1121,PUTINZA,YAUYOS,LIMA,547.0,628.29805346375,81.25522499623173
1124,CERRO AZUL,CAÑETE,LIMA,9012.0,653.1909234882647,81.29906491181193
1125,COAYLLO,CAÑETE,LIMA,1165.0,668.9421565717565,81.68249627061147
1126,NUEVO IMPERIAL,CAÑETE,LIMA,28265.0,635.6562421202918,81.3526982782093
1128,SAN LUIS,CAÑETE,LIMA,14114.0,643.9903890119027,81.4362405807133
1153,SAN ANDRES,PISCO,ICA,16435.0,569.4489445835134,81.83879600468462
1154,SAN CLEMENTE,PISCO,ICA,28381.0,582.2919924405214,81.55699348600857
1155,TUPAC AMARU INCA,PISCO,ICA,19744.0,574.276549874318,81.73363906206544
1156,TACNA,TACNA,TACNA,109363.0,238.214752113699,81.17713431262112
1157,CALANA,TACNA,TACNA,3545.0,226.15486541783247,81.66304200854601
1158,LOCUMBA,JORGE BASADRE,TACNA,2728.0,157.58039634089803,80.58937062218843
1159,COALAQUE,GENERAL SANCHEZ CERRO,MOQUEGUA,1133.0,55.6130119051988,82.63383776909224
1160,LA CAPILLA,GENERAL SANCHEZ CERRO,MOQUEGUA,735.0,52.95675200203684,81.71458839620578
1161,LLOQUE,GENERAL SANCHEZ CERRO,MOQUEGUA,635.0,97.9463178007476,81.4727527355664
1162,PUQUINA,GENERAL SANCHEZ CERRO,MOQUEGUA,2883.0,47.28536963876568,83.30668080906895
1163,QUINISTAQUILLAS,GENERAL SANCHEZ CERRO,MOQUEGUA,591.0,77.41833922107283,81.36460636536388
1164,PACHIA,TACNA,TACNA,2419.0,221.67554322261208,81.59714821384974
1165,PALCA,TACNA,TACNA,2202.0,233.92344436912,81.77646572442285
1166,POCOLLAY,TACNA,TACNA,20281.0,235.64376861870528,81.80144189058569
1167,CAMILACA,CANDARAVE,TACNA,1377.0,144.46123223368184,80.34525878181522
1168,TARUCACHI,TARATA,TACNA,360.0,207.18375851692392,80.7706054939851
1169,CIUDAD NUEVA,TACNA,TACNA,34398.0,215.0702825790383,81.49927651949832
1178,YURUA,ATALAYA,UCAYALI,2322.0,738.678708686495,82.34584240401202
1186,MASMA,JAUJA,JUNIN,1898.0,661.8700512652466,81.6132447502446
1187,TAURIA,LA UNION,AREQUIPA,320.0,207.42209764203903,80.66029917859909
1188,JAQUI,CARAVELI,AREQUIPA,1712.0,324.19272941827796,83.02669232627959
1190,YUNGUYO,YUNGUYO,PUNO,25417.0,261.8565846955004,82.17614683962479
1191,TINICACHI,YUNGUYO,PUNO,939.0,275.21594116386206,82.19371223851377
1192,ACORA,PUNO,PUNO,24135.0,174.57366899482346,80.87446917997049
1193,PICHIGUA,ESPINAR,CUSCO,3060.0,192.5235615352769,81.1577654939322
1194,SUYCKUTAMBO,ESPINAR,CUSCO,1790.0,156.3286358860412,80.56730414787766
1195,TAMBO,LA MAR,AYACUCHO,10909.0,470.4833158105565,81.09821173281543
1196,SANTILLANA,HUANTA,AYACUCHO,4171.0,505.93603899651043,83.14878442274379
1197,AYNA,LA MAR,AYACUCHO,10414.0,479.7239410220575,80.88404193367538
1198,CANAYRE,HUANTA,AYACUCHO,4195.0,528.3053055150867,82.70237190355672
1199,CCARHUAYO,QUISPICANCHI,CUSCO,3207.0,318.47057407878987,82.95094134869487
1200,CAMANTI,QUISPICANCHI,CUSCO,2582.0,349.77372342964935,83.35944986956449
1201,SURCUBAMBA,TAYACAJA,HUANCAVELICA,4849.0,578.6941208003052,81.63661405642993
1202,SAN ANTONIO DE CUSICANCHA,HUAYTARA,HUANCAVELICA,1401.0,514.3007845382585,82.98376065913646
1203,COCAS,CASTROVIRREYNA,HUANCAVELICA,712.0,538.330067303768,81.65941413756718
1204,PROGRESO,GRAU,APURIMAC,3215.0,273.67758738539135,82.34172805562535
1209,HEROES ALBARRACIN,TARATA,TACNA,377.0,185.51165626473522,80.81651361703092
1214,SAN JERONIMO,ANDAHUAYLAS,APURIMAC,22592.0,351.58008326648485,83.38257678507973
1215,ANDAHUAYLAS,ANDAHUAYLAS,APURIMAC,45218.0,353.47036720775145,83.40672497882198
1216,SANTIAGO,CUSCO,CUSCO,103764.0,317.35902541918284,81.523729187542
1218,ANDAMARCA,CONCEPCION,JUNIN,3838.0,632.7334785614081,81.32322812646235
1219,ACOLLA,JAUJA,JUNIN,6677.0,682.0155048140633,81.80947351245216
1220,INAMBARI,TAMBOPATA,MADRE DE DIOS,14521.0,416.96380221590897,82.53041476992468
1221,HUEPETUHE,MANU,MADRE DE DIOS,10905.0,388.7215020394316,81.09651007452045
1222,MANU,MANU,MADRE DE DIOS,2748.0,447.7828113359413,84.22856043412409
1223,MADRE DE DIOS,MANU,MADRE DE DIOS,7751.0,428.37660976638944,82.96888097826921
1225,ASIA,CAÑETE,LIMA,10452.0,668.4461234066681,80.9007753375788
1226,SANTIAGO DE CHOCORVOS,HUAYTARA,HUANCAVELICA,1622.0,488.59369091779115,83.48346238035415
1227,YANQUE,CAYLLOMA,AREQUIPA,2368.0,69.05403467215633,84.21322609395406
1228,IRAY,CONDESUYOS,AREQUIPA,654.0,126.27570960324118,80.09509118925709
1241,QUICACHA,CARAVELI,AREQUIPA,2006.0,252.5324996158067,82.04408176204916
1242,AYO,CASTILLA,AREQUIPA,270.0,116.73164861964517,80.51633984334542
1243,CHACHAS,CASTILLA,AREQUIPA,1813.0,149.2550431360229,80.43829880281147
1244,CHILCAYMARCA,CASTILLA,AREQUIPA,1031.0,148.1963794050566,80.41821941491973
1245,MAZAMARI,SATIPO,JUNIN,41747.0,617.2670629452293,81.16561767079882
1257,UÑON,CASTILLA,AREQUIPA,224.0,115.72229121475655,80.37465484403596
1258,HUANCA,CAYLLOMA,AREQUIPA,1184.0,54.31330483968282,82.74713967452983
1259,ICHUPAMPA,CAYLLOMA,AREQUIPA,598.0,92.81167311939792,81.38189017511283
1260,MEJIA,ISLAY,AREQUIPA,1291.0,78.31777200024553,82.98160065943034
1261,ALCA,LA UNION,AREQUIPA,2057.0,186.3026889010665,81.06101894856113
1262,CHARCANA,LA UNION,AREQUIPA,614.0,209.27215297703415,81.41262289449448
1263,HUAYNACOTAS,LA UNION,AREQUIPA,2127.0,214.56982397338084,81.49182531682362
1264,PAMPAMARCA,LA UNION,AREQUIPA,1224.0,216.7012819494445,81.52352433449738
1265,PUYCA,LA UNION,AREQUIPA,2602.0,195.3961220653366,81.20201820764694
1266,CALLALLI,CAYLLOMA,AREQUIPA,1681.0,103.0078411440313,82.00282094354692
1267,SANTA RITA DE SIGUAS,AREQUIPA,AREQUIPA,7003.0,65.99422626799524,83.86070090116193
1268,TIABAYA,AREQUIPA,AREQUIPA,17537.0,8.912787607354863,80.52216041277555
1269,UCHUMAYO,AREQUIPA,AREQUIPA,15725.0,17.328632323282907,81.20949143198143
1270,YARABAMBA,AREQUIPA,AREQUIPA,1510.0,22.666732364634075,81.61038501341946
1271,YURA,AREQUIPA,AREQUIPA,36886.0,31.64424418485469,82.25490276889889
1272,QUILCA,CAMANA,AREQUIPA,1075.0,92.73184641989917,82.50377416080374
1273,SAMUEL PASTOR,CAMANA,AREQUIPA,16697.0,120.92535748110126,80.63237975735889
1274,CERRO COLORADO,AREQUIPA,AREQUIPA,210161.0,12.305731288060715,80.92333063991718
1275,MOLLEBAYA,AREQUIPA,AREQUIPA,5278.0,12.519377548462007,80.82996326445517
1276,SABANDIA,AREQUIPA,AREQUIPA,4635.0,9.319406427400178,80.55857730401333
1277,SAN JUAN DE SIGUAS,AREQUIPA,AREQUIPA,709.0,66.86455125908232,81.65219860136371
1278,ALTO SELVA ALEGRE,AREQUIPA,AREQUIPA,90161.0,10.249435695781612,80.639903090581
1279,JACOBO HUNTER,AREQUIPA,AREQUIPA,53745.0,6.1169403406564955,80.24873887717678
1280,YANAHUARA,AREQUIPA,AREQUIPA,27783.0,2.102359014759751,79.56043642390917
1281,SAN PEDRO DE CACHORA,ABANCAY,APURIMAC,2660.0,351.0800883822001,83.37618029137906
1282,HUANIPACA,ABANCAY,APURIMAC,3054.0,359.4962170930045,83.48333910393107
1283,TALAVERA,ANDAHUAYLAS,APURIMAC,19572.0,370.3412585252457,83.61980556167822
1284,ANCO_HUALLO,CHINCHEROS,APURIMAC,10926.0,391.2069774117871,81.10543919911329
1298,VILLA KINTIARINA,LA CONVENCION,CUSCO,2413.0,440.01739470815676,84.34125551292667
1299,ROBLE,TAYACAJA,HUANCAVELICA,1440.0,558.9239989865392,82.06510325560193
1300,VIZCATAN DEL ENE,SATIPO,JUNIN,4970.0,546.1494222834085,82.33469265434663
1301,PICHOS,TAYACAJA,HUANCAVELICA,2078.0,594.0925605275509,81.29158321946336
1304,CHUNGUI,LA MAR,AYACUCHO,4717.0,414.2459987130934,84.15273661524138
1305,SANTIAGO DE TUCUMA,TAYACAJA,HUANCAVELICA,1671.0,579.1280994841933,81.62703937589373
1308,SAN ANTONIO DE CHUCA,CAYLLOMA,AREQUIPA,1005.0,79.42158173980536,82.34508032796668
1309,KELLUYO,CHUCUITO,PUNO,7927.0,246.78174337314456,81.96196866679746
1310,DESAGUADERO,CHUCUITO,PUNO,14412.0,263.35448573381217,82.19724184651216
1311,COPANI,YUNGUYO,PUNO,5003.0,263.2879751539096,82.19630587853092
1312,UNICACHI,YUNGUYO,PUNO,1064.0,275.6117241649891,82.36862680280926
1313,OLLARAYA,YUNGUYO,PUNO,2845.0,272.15317252263617,82.32048936026824
1314,HUAYRAPATA,MOHO,PUNO,2717.0,270.88942532137463,82.30285685524728
1315,TIQUILLACA,PUNO,PUNO,1665.0,145.65863635134812,80.36904160700547
1316,ATUNCOLLA,PUNO,PUNO,4873.0,168.39318701462727,80.77332488451334
1317,CABANA,SAN ROMAN,PUNO,5235.0,159.0680443175372,80.61535210871024
1318,COATA,PUNO,PUNO,7015.0,196.5486092685448,81.21970386772388
1319,CAPACHICA,PUNO,PUNO,7755.0,202.0928552291112,81.30427051928193
1320,CONIMA,MOHO,PUNO,3250.0,251.12947318083565,82.02409553596274
1321,MOHO,MOHO,PUNO,11689.0,252.5973985392866,81.42332959568682
1322,ROSASPATA,HUANCANE,PUNO,4252.0,256.6198456393442,82.10213536913604
1323,HUANCANE,HUANCANE,PUNO,19216.0,229.54930994076489,81.71273250706189
1324,NICASIO,LAMPA,PUNO,2476.0,187.576575954319,81.0809389149118
1325,PALCA,LAMPA,PUNO,1951.0,157.99015835952528,80.5965525779597
1326,VILAVILA,LAMPA,PUNO,1322.0,166.37994088078892,80.7398340179757
1327,PEDRO VILCA APAZA,SAN ANTONIO DE PUTINA,PUNO,2002.0,232.2683397123407,81.75238894197568
1328,COJATA,HUANCANE,PUNO,4075.0,277.22295075004433,82.39099353612136
1329,LLALLI,MELGAR,PUNO,2752.0,170.36931114660905,80.80592301769383
1330,TIRAPATA,AZANGARO,PUNO,3013.0,205.8155721238003,81.36060843193005
1331,PUTINA,SAN ANTONIO DE PUTINA,PUNO,15190.0,262.1952112976154,82.18091863662521
1332,AZANGARO,AZANGARO,PUNO,31182.0,225.26807484721306,81.65002623031987
1333,ASILLO,AZANGARO,PUNO,15282.0,224.0361971913767,81.6319215013481
1334,MACARI,MELGAR,PUNO,7396.0,198.7517863961325,81.25340842529795
1335,ANANEA,SAN ANTONIO DE PUTINA,PUNO,13230.0,289.150923009526,82.037503713995
1336,SAN ANTON,AZANGARO,PUNO,7750.0,249.92110990979387,82.00685804450016
1337,SAN JOSE,AZANGARO,PUNO,5111.0,239.53780120320712,81.85779399427325
1338,CUYOCUYO,SANDIA,PUNO,5617.0,297.74176059320644,82.67258090437208
1339,SINA,SAN ANTONIO DE PUTINA,PUNO,1775.0,323.8369645315685,83.02199651186352
1340,YANAHUAYA,SANDIA,PUNO,2204.0,346.1606101068076,83.31304258897546
1341,SAN JUAN DEL ORO,SANDIA,PUNO,4063.0,358.561587037086,83.47149262112708
1342,PHARA,SANDIA,PUNO,5940.0,333.30932360129793,83.14639279567639
1343,MACUSANI,CARABAYA,PUNO,13913.0,284.4755701801122,82.30053528816977
1344,CORANI,CARABAYA,PUNO,4564.0,289.18920181223535,82.5559416252084
1345,ITUATA,CARABAYA,PUNO,8132.0,323.72396938216144,82.4867002792575
1346,SIBAYO,CAYLLOMA,AREQUIPA,730.0,115.89323785763473,81.0439060110973
1347,TISCO,CAYLLOMA,AREQUIPA,1681.0,133.2945293240997,80.09497576786879
1353,RIO TAMBO,SATIPO,JUNIN,30309.0,593.0978957282646,81.31423496582445
1438,COCHARCAS,CHINCHEROS,APURIMAC,1812.0,390.27000516417445,83.86568570286984
1439,ABANCAY,ABANCAY,APURIMAC,73742.0,338.7308867257683,83.21699728763545
1440,CCAPI,PARURO,CUSCO,3318.0,286.69528937719184,82.52173334604666
1441,HUANOQUITE,PARURO,CUSCO,5312.0,305.49018695799555,82.77735254001081
1442,OMACHA,PARURO,CUSCO,6142.0,252.52442107830697,82.04396676894027
1443,LIVITACA,CHUMBIVILCAS,CUSCO,12931.0,229.92039273751186,81.7181522766012
1444,URCOS,QUISPICANCHI,CUSCO,12098.0,301.16902883732246,81.58947609719485
1445,ANDAHUAYLILLAS,QUISPICANCHI,CUSCO,6710.0,304.04634143928274,82.75789436162239
1446,ACOMAYO,ACOMAYO,CUSCO,4888.0,278.76258675913937,82.41233156228854
1447,RONDOCAN,ACOMAYO,CUSCO,2120.0,291.0923552526416,82.58198693679752
1448,SANGARARA,ACOMAYO,CUSCO,3544.0,271.68304035138044,82.3139325200685
1449,ACOS,ACOMAYO,CUSCO,2429.0,274.0632392547345,82.34709576866362
1450,PULLO,PARINACOCHAS,AYACUCHO,6918.0,287.8521476567933,82.53761267615485
1451,LAMPA,PAUCAR DEL SARA SARA,AYACUCHO,2082.0,247.86760678737224,81.97751265575693
1452,SANCOS,LUCANAS,AYACUCHO,5229.0,313.6351152751463,82.88655922299318
1453,CORACORA,PARINACOCHAS,AYACUCHO,14103.0,291.2511466227986,82.372798594704
1455,AYAVIRI,YAUYOS,LIMA,621.0,660.3703680893782,81.43846766367815
1458,TANTA,YAUYOS,LIMA,547.0,674.3727626080397,81.25522499623173
1459,TOMAS,YAUYOS,LIMA,624.0,650.2899831356588,81.44582402844016
1461,PILCOMAYO,HUANCAYO,JUNIN,21921.0,627.4522336362343,81.26973561942404
1462,TRES DE DICIEMBRE,CHUPACA,JUNIN,2908.0,621.1879228141449,81.20585577832128
1483,LEONOR ORDOÑEZ,JAUJA,JUNIN,1637.0,654.9399997305952,81.54497806914654
1484,MUQUI,JAUJA,JUNIN,1055.0,658.000411754398,81.57517653561727
1485,HEROINAS TOLEDO,CONCEPCION,JUNIN,1042.0,647.3368387003036,81.4695917666139
1486,HUARIPAMPA,JAUJA,JUNIN,1096.0,662.4373030281419,81.61881456684146
1487,SAN LORENZO,JAUJA,JUNIN,2753.0,653.9139687798294,81.53483535872982
1488,YAUYOS,JAUJA,JUNIN,10177.0,666.9442704563224,80.77829296524114
1489,SANTO DOMINGO DE ACOBAMBA,HUANCAYO,JUNIN,6919.0,608.2433384181263,81.07218443341456
1490,PANCAN,JAUJA,JUNIN,1298.0,670.0193342581844,81.6930087282596
1491,MARCO,JAUJA,JUNIN,1594.0,673.678456882728,81.72865070490472
1492,COCHAS,CONCEPCION,JUNIN,2073.0,657.4246102220264,81.56950106171179
1493,MARISCAL CASTILLA,CONCEPCION,JUNIN,1509.0,657.9210672832871,81.57439463488906
1494,RICRAN,JAUJA,JUNIN,1362.0,683.4265792283721,81.8231013504525
1495,LLAYLLA,SATIPO,JUNIN,7175.0,642.215257281105,81.41850528101803
1496,MONOBAMBA,JAUJA,JUNIN,1828.0,682.1411500337473,81.81068756427347
1497,PANGOA,SATIPO,JUNIN,63264.0,595.2075840947687,81.26612197517066
1501,SAUSA,JAUJA,JUNIN,3319.0,665.0685680733411,81.64461592268982
1502,SAN PEDRO DE CHUNAN,JAUJA,JUNIN,719.0,671.8054935207019,81.67623329233763
1509,SANTA LUCIA,LUCANAS,AYACUCHO,1401.0,361.5168371287708,83.21798241096091
1510,UPAHUACHO,PARINACOCHAS,AYACUCHO,1222.0,272.2396240362179,82.32169473370185
1511,CORONEL CASTAÑEDA,PARINACOCHAS,AYACUCHO,1876.0,251.00012327033318,82.02225141449514
1512,LUCANAS,LUCANAS,AYACUCHO,2944.0,365.21887430870174,83.55557842277719
1513,CARMEN SALCEDO,LUCANAS,AYACUCHO,1801.0,339.1941761385701,83.2230104300426
1514,CABANA,LUCANAS,AYACUCHO,2135.0,354.4696257860961,83.41946835803766
1515,LARAMATE,LUCANAS,AYACUCHO,1705.0,421.03517399178884,83.84557446221946
1516,SAN PEDRO DE PALCO,LUCANAS,AYACUCHO,971.0,394.5776934458055,82.2673159562794
1517,HUAC-HUAS,LUCANAS,AYACUCHO,1734.0,446.49314233647095,83.90337309178018
1518,SANTIAGO DE PAUCARAY,SUCRE,AYACUCHO,583.0,342.998616202935,81.34481525073595
1519,SANCOS,HUANCA SANCOS,AYACUCHO,3257.0,420.0345020898901,84.22054359449272
1520,CHALCOS,SUCRE,AYACUCHO,477.0,369.86096184480465,81.07819090087693
1521,ACCOMARCA,VILCAS HUAMAN,AYACUCHO,873.0,381.65656295211704,82.04061480082478
1522,BELEN,SUCRE,AYACUCHO,327.0,374.84574675131273,80.67986544521156
1523,CARAPO,HUANCA SANCOS,AYACUCHO,1881.0,413.47220987503243,84.14362742178686
1524,HUAMBALPA,VILCAS HUAMAN,AYACUCHO,1381.0,388.3064663360103,83.17535962278762
1525,HUAMANQUIQUIA,VICTOR FAJARDO,AYACUCHO,1133.0,418.8672206708077,82.63383776909224
1526,HUANCAPI,VICTOR FAJARDO,AYACUCHO,1966.0,397.88127486433274,83.95787172354879
1527,CARHUANCA,VILCAS HUAMAN,AYACUCHO,828.0,381.41955161231203,81.93520737718582
1528,SAURAMA,VILCAS HUAMAN,AYACUCHO,1084.0,382.60391001338087,82.52404092125042
1529,VILCAS HUAMAN,VILCAS HUAMAN,AYACUCHO,6889.0,396.41196188308317,83.92717962970619
1530,ALCAMENCA,VICTOR FAJARDO,AYACUCHO,1529.0,418.03170096918655,83.48694330031691
1531,VILCANCHOS,VICTOR FAJARDO,AYACUCHO,2499.0,452.27265863464834,84.14969465629805
1532,PARURO,PARURO,CUSCO,3562.0,298.76744509329274,82.6864990850779
1533,VELILLE,CHUMBIVILCAS,CUSCO,8642.0,208.52021722883677,81.40133117625425
1534,CONDOROMA,ESPINAR,CUSCO,949.0,132.30101212545128,80.06881163842067
1535,PAMPAMARCA,CANAS,CUSCO,1938.0,251.06373063381312,82.02315828690382
1536,HUARO,QUISPICANCHI,CUSCO,4987.0,293.9921940349766,82.62157292821337
1537,ESPINAR,ESPINAR,CUSCO,38885.0,165.36835063060875,80.72289091867087
1538,COPORAQUE,ESPINAR,CUSCO,11121.0,183.08635331740226,81.01045323128386
1539,SANTIAGO DE QUIRAHUARA,HUAYTARA,HUANCAVELICA,345.0,444.6393421943684,80.72964726570707
1540,CORDOVA,HUAYTARA,HUANCAVELICA,930.0,470.28697986023127,82.17293825834396
1541,LARAMARCA,HUAYTARA,HUANCAVELICA,802.0,468.7994818654465,81.87391459678598
1542,HUAYACUNDO ARMA,HUAYTARA,HUANCAVELICA,409.0,514.2910736210572,80.90165450202711
1543,NASCA,NASCA,ICA,31037.0,412.6524921808607,84.13396605220494
1544,MARCONA,NASCA,ICA,17914.0,403.5601470471521,83.73965591728987
1545,TIBILLO,PALPA,ICA,382.0,462.50209509009346,80.82992128508852
1546,LA TINGUIÑA,ICA,ICA,45359.0,517.5463145016564,82.91911425002709
1547,PARCONA,ICA,ICA,62000.0,517.4243458280641,82.9215498906568
1548,SANTIAGO,ICA,ICA,31224.0,475.7421334985424,83.72474736798148
1549,ANDARAPA,ANDAHUAYLAS,APURIMAC,5721.0,378.7399553610675,83.72421166308796
1550,ONGOY,CHINCHEROS,APURIMAC,2471.0,401.7571607417278,84.00444049865766
1551,LIMATAMBO,ANTA,CUSCO,8194.0,339.01215842060674,82.40651462547433
1552,PUCYURA,ANTA,CUSCO,3349.0,329.06011016033494,83.09075238733416
1553,HUANCARANI,PAUCARTAMBO,CUSCO,7925.0,320.823044806952,82.7509308236022
1554,CALCA,CALCA,CUSCO,23305.0,350.40055018692124,83.3674807826361
1555,HUAYLLABAMBA,URUBAMBA,CUSCO,6192.0,343.82206048474677,83.28290097832473
1556,POROY,CUSCO,CUSCO,2732.0,326.2205236768051,83.05342237902387
1557,SAYLLA,CUSCO,CUSCO,6214.0,317.5985775333079,82.93935602539673
1558,QUELLOUNO,LA CONVENCION,CUSCO,15688.0,442.6705642383151,82.96060085141882
1559,YANATILE,CALCA,CUSCO,10056.0,404.44909447806015,80.72323468937017
1560,KIMBIRI,LA CONVENCION,CUSCO,19531.0,476.9575078290063,83.70218171530988
1561,CHINCHAYPUJIO,ANTA,CUSCO,4514.0,319.2992585447013,82.96194103519824
1562,CONCEPCION,VILCAS HUAMAN,AYACUCHO,1757.0,405.1242175508111,83.948945254509
1563,CANGALLO,CANGALLO,AYACUCHO,5998.0,416.12385726163643,84.17479918746831
1564,MARIA PARADO DE BELLIDO,CANGALLO,AYACUCHO,2175.0,430.73342526939075,84.34125551292667
1565,PARAS,CANGALLO,AYACUCHO,4437.0,472.8486486401234,83.77825395475087
1566,QUINUA,HUAMANGA,AYACUCHO,5432.0,464.0926901989862,83.93828584619152
1567,PACAYCASA,HUAMANGA,AYACUCHO,3401.0,471.25278943695827,83.80763353147134
1568,PAUCARTAMBO,PAUCARTAMBO,CUSCO,13642.0,343.94712254627734,82.19678713062875
1569,COYA,CALCA,CUSCO,3763.0,335.15242874816346,83.17044421046835
1570,MARCAPATA,QUISPICANCHI,CUSCO,5009.0,313.6926228622249,82.88732689350302
1571,SAN JUAN,CASTROVIRREYNA,HUANCAVELICA,640.0,565.6991062752763,81.48497021629666
1572,CASTROVIRREYNA,CASTROVIRREYNA,HUANCAVELICA,3125.0,541.3115344965486,82.43539077682429
1573,HUACHOS,CASTROVIRREYNA,HUANCAVELICA,897.0,552.5224683634422,82.09649004393722
1574,HUAMATAMBO,CASTROVIRREYNA,HUANCAVELICA,371.0,576.5767765182171,80.80036901655586
1575,SAN ANTONIO DE ANTAPARCO,ANGARAES,HUANCAVELICA,2462.0,483.61901200928537,83.57755587992051
1576,JULCAMARCA,ANGARAES,HUANCAVELICA,1734.0,488.1618614764374,83.49166454627445
1577,HUAYLLAY GRANDE,ANGARAES,HUANCAVELICA,1090.0,512.4629150934618,82.537534841892
1578,POMACOCHA,ACOBAMBA,HUANCAVELICA,2907.0,507.2150640240144,83.12370060423291
1579,CALLANMARCA,ANGARAES,HUANCAVELICA,599.0,512.9777098078907,81.38435678246442
1580,HUANCAVELICA,HUANCAVELICA,HUANCAVELICA,41737.0,541.976972557695,82.42158495204677
1581,YAULI,HUANCAVELICA,HUANCAVELICA,21579.0,532.5990553280657,82.61483377395093
1582,ASCENSION,HUANCAVELICA,HUANCAVELICA,16331.0,558.0909336098979,82.0828504472993
1583,PAUCARA,ACOBAMBA,HUANCAVELICA,11163.0,533.3393563731752,81.20547059753457
1584,ROSARIO,ACOBAMBA,HUANCAVELICA,5108.0,522.9321923141168,82.81108115129308
1585,ANDABAMBA,ACOBAMBA,HUANCAVELICA,3389.0,533.6717745167854,82.59287154393454
1586,PALCA,HUANCAVELICA,HUANCAVELICA,1910.0,555.628212113018,82.13517721213813
1587,ACOBAMBILLA,HUANCAVELICA,HUANCAVELICA,2046.0,581.9600228230754,81.56436338832701
1588,HUANDO,HUANCAVELICA,HUANCAVELICA,6445.0,561.6143522483526,82.00762665583214
1589,NUEVO OCCORO,HUANCAVELICA,HUANCAVELICA,1730.0,564.1943691338461,81.95227083952705
1590,LARIA,HUANCAVELICA,HUANCAVELICA,688.0,572.5469789866113,81.60156463944637
1591,IZCUCHACA,HUANCAVELICA,HUANCAVELICA,855.0,572.55285419918,81.77128745107322
1592,MOYA,HUANCAVELICA,HUANCAVELICA,923.0,583.6791230498831,81.52614536123293
1593,HUAYLLAHUARA,HUANCAVELICA,HUANCAVELICA,593.0,592.5321238842866,81.32709435761595
1594,PILCHACA,HUANCAVELICA,HUANCAVELICA,467.0,584.8383108970498,81.0525465003518
1595,PAMPAS,TAYACAJA,HUANCAVELICA,10557.0,565.157770849,80.94673260645992
1596,AHUAYCHA,TAYACAJA,HUANCAVELICA,4062.0,569.5057909238786,81.83756287246939
1597,PAZOS,TAYACAJA,HUANCAVELICA,5350.0,596.8675080789376,81.22807870602624
1598,EL CARMEN,CHURCAMPA,HUANCAVELICA,2506.0,518.7382492146471,82.89528662526665
1599,PAUCARBAMBA,CHURCAMPA,HUANCAVELICA,4621.0,533.1675760186591,82.60319880897114
1600,SAN MIGUEL DE MAYOCC,CHURCAMPA,HUANCAVELICA,735.0,506.2511252438114,81.71458839620578
1601,SAN PEDRO DE CORIS,CHURCAMPA,HUANCAVELICA,3507.0,521.649198354643,82.83690128188623
1602,LOCROJA,CHURCAMPA,HUANCAVELICA,3437.0,515.401096988821,82.96188240464645
1603,GROCIO PRADO,CHINCHA,ICA,28948.0,604.6992321634666,81.04604552403622
1604,SAN JUAN DE YANAC,CHINCHA,ICA,1391.0,579.6625594725809,81.61523695956949
1605,SAN PEDRO DE HUACARPANA,CHINCHA,ICA,1103.0,582.5461515415077,81.55134772507894
1606,TAMBO DE MORA,CHINCHA,ICA,6557.0,596.827338299495,81.22900136976797
1607,PUCARA,HUANCAYO,JUNIN,5165.0,605.4995979741993,81.04352526794035
1608,MITO,CONCEPCION,JUNIN,1494.0,644.3354282633262,81.43968427691586
1609,SAN JERONIMO DE TUNAN,HUANCAYO,JUNIN,12613.0,639.1090549546715,81.38739567192454
1610,QUILCAS,HUANCAYO,JUNIN,4138.0,635.7998145568869,81.35414354093861
1611,COLCA,HUANCAYO,JUNIN,1082.0,600.4205681286425,81.14604701231976
1612,VIQUES,HUANCAYO,JUNIN,2819.0,615.9662569492083,81.15222202321542
1613,HUAYUCACHI,HUANCAYO,JUNIN,10580.0,617.7987945581419,80.95674742492035
1614,YANACANCHA,CHUPACA,JUNIN,2802.0,625.7821706596212,81.25275235171519
1615,SAN JUAN DE ISCOS,CHUPACA,JUNIN,2378.0,624.6264568964459,81.24097991108215
1616,CHILCA,HUANCAYO,JUNIN,98055.0,619.8564059229825,81.19221388373339
1617,SAN JOSE DE QUERO,CONCEPCION,JUNIN,5997.0,647.5685353515522,81.4718969373244
1618,HUAMANCACA CHICO,CHUPACA,JUNIN,9686.0,624.322992632409,80.54873774590774
1649,TINTAY,AYMARAES,APURIMAC,2349.0,326.0601996961367,83.05131119850864
1650,SAN MIGUEL DE CHACCRAMPA,ANDAHUAYLAS,APURIMAC,1718.0,350.0894055490207,83.36349513896417
1651,JUAN ESPINOZA MEDRANO,ANTABAMBA,APURIMAC,1767.0,252.11903012090278,82.0381949910222
1652,ANTABAMBA,ANTABAMBA,APURIMAC,2904.0,246.414165915894,81.95670265847318
1653,HUAQUIRCA,ANTABAMBA,APURIMAC,1953.0,265.3068052960158,82.22468676204736
1654,POCOHUANCA,AYMARAES,APURIMAC,1013.0,293.5440259478488,82.36331249423698
1655,OROPESA,ANTABAMBA,APURIMAC,2443.0,242.60567764398652,81.90201552745576
1656,TURPAY,GRAU,APURIMAC,628.0,268.27537947112774,81.45562435491922
1657,PACHACONAS,ANTABAMBA,APURIMAC,1070.0,287.56155031423583,82.4925014232761
1658,EL ORO,ANTABAMBA,APURIMAC,552.0,296.52611561737064,81.26772210118048
1659,CAPAYA,AYMARAES,APURIMAC,578.0,320.1003923363583,81.33242472144329
1660,TUMAY HUARACA,ANDAHUAYLAS,APURIMAC,1974.0,339.8128694663044,83.2310356115288
1661,TAMBOBAMBA,COTABAMBAS,APURIMAC,11066.0,285.1316426610688,81.1646879161247
1662,SAN JUAN DE CHACÑA,AYMARAES,APURIMAC,745.0,331.19005659432366,81.73849869801644
1663,GAMARRA,GRAU,APURIMAC,2833.0,305.7217529206971,82.78047049515129
1664,CIRCA,ABANCAY,APURIMAC,1865.0,306.1904515727645,82.78677901114695
1665,HUANCARAY,ANDAHUAYLAS,APURIMAC,3939.0,363.2704744210446,83.53104027105245
1733,LUNAHUANA,CAÑETE,LIMA,4821.0,619.5511177330325,81.18908281158345
1734,PACARAN,CAÑETE,LIMA,1859.0,623.912122096773,81.23369528967119
1735,ZUÑIGA,CAÑETE,LIMA,1535.0,623.978566110496,81.23437313679075
1753,SUBTANJALLA,ICA,ICA,31183.0,535.9016621564183,82.54709997574514
1754,TATE,ICA,ICA,5264.0,512.4134244250492,83.0211962425699
1755,YAUCA DEL ROSARIO,ICA,ICA,1322.0,490.3331651343992,83.048699050714
1756,ICA,ICA,ICA,169684.0,528.3288354321725,81.26783310580517
1757,PARACAS,PISCO,ICA,8177.0,560.9398133479027,82.02206095254951
1758,CARUMAS,MARISCAL NIETO,MOQUEGUA,2780.0,129.36818083461213,79.98513888645616
1759,CUCHUMBAYA,MARISCAL NIETO,MOQUEGUA,892.0,100.9942138847432,82.08486871112834
1760,MATALAQUE,GENERAL SANCHEZ CERRO,MOQUEGUA,528.0,76.00419618607884,81.20756715413572
1761,UBINAS,GENERAL SANCHEZ CERRO,MOQUEGUA,2086.0,81.07831669520422,83.48067521133109
1762,YUNGA,GENERAL SANCHEZ CERRO,MOQUEGUA,988.0,95.89106203096343,82.30625446155665
1763,ILO,ILO,MOQUEGUA,72654.0,148.40700544513513,80.42223338193
1764,EL ALGARROBAL,ILO,MOQUEGUA,3759.0,136.59360984550227,80.17600187944032
1765,PACOCHA,ILO,MOQUEGUA,5041.0,115.59922152386295,81.06694756359312
1766,INCLAN,TACNA,TACNA,3135.0,184.07052390626436,81.02596860363421
1767,CORONEL GREGORIO ALBARRACIN LANCHIPA,TACNA,TACNA,120830.0,233.12291397305844,80.3914395276726
1768,CAIRANI,CANDARAVE,TACNA,1116.0,153.9446613025354,80.52470654153052
1769,HUANUARA,CANDARAVE,TACNA,594.0,162.6421343459339,80.6768104490278
1770,TICACO,TARATA,TACNA,671.0,196.51883241355208,81.21924740343808
1786,PURUS,PURUS,UCAYALI,3553.0,667.7596076167936,81.6709448005472
1795,JAUJA,JAUJA,JUNIN,19733.0,667.199165627235,81.66546632353563
1796,DEAN VALDIVIA,ISLAY,AREQUIPA,7384.0,82.35482835366,83.3994877230261
1797,CHIVAY,CAYLLOMA,AREQUIPA,6371.0,85.10231977345987,83.22264404607851
1798,CAYLLOMA,CAYLLOMA,AREQUIPA,3952.0,141.87879864198555,80.29246814570477
1799,SAYLA,LA UNION,AREQUIPA,341.0,218.74547547023974,80.71864713866206
1800,CARAVELI,CARAVELI,AREQUIPA,4386.0,202.3850916610255,81.3087055386956
1801,ATIQUIPA,CARAVELI,AREQUIPA,556.0,306.5354782315928,81.27770687507328
1802,CHALA,CARAVELI,AREQUIPA,9514.0,292.4487726168919,80.53910944416603
1803,HUANUHUANU,CARAVELI,AREQUIPA,3195.0,286.3382542019275,82.51682873207008
1805,POMATA,CHUCUITO,PUNO,14605.0,240.34974142311808,81.86951246035753
1806,PICHACANI,PUNO,PUNO,5888.0,148.5427649177541,80.42481548299939
1807,PLATERIA,PUNO,PUNO,7421.0,185.49145449076232,81.04830250353761
1808,PUEBLO NUEVO,ICA,ICA,7250.0,511.33792909418247,83.04247641719179
1809,LURICOCHA,HUANTA,AYACUCHO,6088.0,490.9564651433844,83.4384691724191
1810,SANTA ROSA,LA MAR,AYACUCHO,12967.0,470.58821110528737,81.93481539772158
1811,LLOCHEGUA,HUANTA,AYACUCHO,11752.0,517.4002315004113,81.44909183648943
1812,SAMUGARI,LA MAR,AYACUCHO,10973.0,457.6872090203218,81.12538304061164
1813,CCATCA,QUISPICANCHI,CUSCO,15483.0,310.794901015235,82.84858592667763
1814,CUSCO,CUSCO,CUSCO,128805.0,326.3193898203086,79.84429882885317
1815,TAMBO,HUAYTARA,HUANCAVELICA,651.0,500.43567238693026,81.5117994457526
1816,CURASCO,GRAU,APURIMAC,1252.0,276.65067901653083,82.38305365252927
1817,CURPAHUASI,GRAU,APURIMAC,2018.0,295.2764478336375,82.63906610182698
1818,HUAYLLATI,GRAU,APURIMAC,1420.0,289.22250732872214,82.55639786684044
1828,QUILAHUANI,CANDARAVE,TACNA,796.0,170.51088310543705,80.80824853145315
1829,TARATA,TARATA,TACNA,4020.0,218.37829469270835,81.5484001442454
1830,ESTIQUE-PAMPA,TARATA,TACNA,190.0,201.78150412863127,80.2605852015701
1831,SITAJARA,TARATA,TACNA,413.0,183.40914345958697,80.912192707652
1832,SUSAPAYA,TARATA,TACNA,621.0,182.73954871149198,81.00497658663211
1838,HUANCARAMA,ANDAHUAYLAS,APURIMAC,5434.0,344.1400937823751,83.28700494617381
1839,TAMBOPATA,TAMBOPATA,MADRE DE DIOS,100184.0,501.03008267617673,81.73945413618841
1840,FITZCARRALD,MANU,MADRE DE DIOS,1571.0,504.48193484116416,83.17723584835183
1841,COASA,CARABAYA,PUNO,6985.0,353.18960590403884,83.40314172882043
1842,LIMBANI,SANDIA,PUNO,3387.0,357.4437328795518,83.45730605362164
1843,SAN PEDRO DE PUTINA PUNCO,SANDIA,PUNO,10461.0,407.6900916680012,80.90473038287239
1844,AYAPATA,CARABAYA,PUNO,9627.0,350.5699903742313,80.51979865967652
1845,SAN GABAN,CARABAYA,PUNO,7196.0,342.05752168477113,83.26010344464946
1846,COLONIA,YAUYOS,LIMA,1342.0,628.252810998182,81.27786513815809
1847,SAN VICENTE DE CAÑETE,CAÑETE,LIMA,62198.0,621.6156022688767,81.21023263029839
1849,CAYARANI,CONDESUYOS,AREQUIPA,3553.0,174.06029774542338,80.86615400488668
1850,CHICHAS,CONDESUYOS,AREQUIPA,743.0,179.14285161395722,80.94787762097704
1851,RIO GRANDE,CONDESUYOS,AREQUIPA,3669.0,179.74079982208636,80.95740970833607
1853,CARACOTO,SAN ROMAN,PUNO,7161.0,181.5367136191201,80.98594320286261
1854,INCHUPALLA,HUANCANE,PUNO,2730.0,255.82051674378303,82.09080220348217
1861,JOSE MARIA ARGUEDAS,ANDAHUAYLAS,APURIMAC,4334.0,345.8679098694415,83.30927447626019
1872,ANDAGUA,CASTILLA,AREQUIPA,1135.0,136.12542568508562,80.16497448622013
1873,CHOCO,CASTILLA,AREQUIPA,812.0,123.92526000292193,80.35702779703271
